,social,desarrollo,research,global,development,economía,data,análisis,cambio,investigación,artículo,based,estudio,study,health,trabajo,environmental,objetivo,resultados,use,ambiental,transición,sustainable,energy,new,política,climate,change,climático,políticas,analysis,circular,high,paper,results,sector,sociales,presente,well,modelo,using,different,producción,policy,future,local,economic,used,management,partir,countries,model,gestión,sostenible,proceso,energética,water,través,systems,hacia,procesos,educación,uso,years,review,sustainability,risk,economy,contexto,recursos,studies,enfoque,sistema,estado,potential,article,crisis,including,challenges,nivel,mediante,approach,production,human,system,relación,méxico,principales,mayor,learning,current,información,estrategias,methods,two,literature,medio,marco,public,dos
social,0,1045,880,422,629,982,324,551,382,510,527,415,472,524,532,516,1232,424,453,298,587,321,418,178,400,518,223,366,211,368,371,177,149,372,343,381,579,265,322,364,212,355,248,300,245,355,685,228,281,331,188,213,328,320,274,140,82,311,303,262,334,309,196,110,255,473,130,236,281,205,262,311,254,282,181,408,323,187,235,213,257,258,145,252,172,287,196,187,192,246,174,202,186,114,211,258,226,267,362,203
desarrollo,1045,0,13,306,52,846,11,726,509,783,627,6,556,14,0,609,15,641,522,6,660,497,16,24,15,617,7,3,343,716,5,239,3,10,0,329,452,390,4,560,0,3,333,5,3,417,10,1,9,395,2,3,414,1332,384,319,4,421,0,399,446,468,309,3,2,10,1,10,389,450,4,387,326,316,2,19,181,0,5,350,290,7,1,8,2,311,291,287,254,4,6,244,335,1,3,1,363,360,9,244
research,880,13,0,270,708,17,649,17,6,7,2,659,6,693,599,0,448,4,6,468,7,4,411,280,523,4,281,371,4,0,538,202,202,667,394,109,8,0,409,2,325,419,4,413,752,142,237,334,424,1,206,259,5,4,2,3,128,1,353,1,0,4,3,221,731,395,133,229,0,3,487,0,2,2,352,373,51,275,437,0,0,339,240,280,198,3,8,3,7,394,308,1,0,362,289,638,3,2,266,2
global,422,306,270,0,504,215,659,153,413,120,199,395,134,372,579,114,348,150,78,452,191,232,345,367,321,137,698,583,303,114,259,73,372,192,215,206,109,101,194,95,222,191,105,257,303,249,316,198,166,107,576,244,72,95,98,177,338,94,162,148,94,84,88,396,110,189,319,166,171,104,173,70,98,61,167,149,277,189,164,185,61,119,277,218,203,63,48,80,100,52,201,45,59,210,172,78,76,91,130,69
development,629,52,708,504,0,9,275,6,11,3,7,438,2,447,422,8,450,6,4,318,10,3,2369,404,489,15,217,251,7,4,359,170,244,392,301,131,10,5,334,3,195,266,5,294,318,282,536,204,256,5,412,254,9,5,1,8,272,4,196,2,2,5,6,183,297,360,143,295,3,5,210,3,10,4,234,275,53,242,287,1,2,311,218,264,160,2,7,1,2,188,247,3,5,174,202,164,5,5,175,5
economía,982,846,17,215,9,0,12,540,246,581,515,5,469,8,1,481,11,463,411,7,324,321,4,1,16,362,1,3,110,308,14,1256,2,10,1,421,285,331,5,451,2,5,451,3,4,175,22,3,8,239,0,3,281,365,228,87,4,280,3,328,205,130,254,4,4,4,0,41,218,355,5,264,222,222,3,14,230,0,1,249,245,3,0,2,1,228,143,259,235,4,3,199,231,0,0,2,239,211,4,163
data,324,11,649,659,275,12,0,11,5,12,7,739,11,539,413,8,208,5,4,513,8,1,141,229,563,6,163,201,5,6,757,72,381,309,485,73,7,0,332,2,706,297,4,145,198,94,141,623,210,3,366,455,5,0,2,3,124,2,219,4,4,2,18,345,194,78,193,98,3,1,288,1,6,5,185,117,21,347,216,9,1,229,142,192,243,2,2,4,1,316,138,9,5,462,230,197,2,0,179,4
análisis,551,726,17,153,6,540,11,0,380,706,541,3,730,8,2,504,8,452,813,1,414,335,6,5,2,479,6,11,314,451,12,159,1,2,1,259,344,244,0,322,1,2,333,2,6,137,1,1,2,515,1,3,366,211,279,218,1,485,3,182,258,287,307,0,3,6,0,7,236,172,4,355,223,243,3,6,136,0,2,249,472,1,1,0,2,309,241,359,226,3,5,416,247,4,0,0,188,278,6,318
cambio,382,509,6,413,11,246,5,380,0,379,419,4,351,4,1,340,6,344,314,2,438,354,5,16,9,278,70,65,2589,366,3,64,2,8,2,149,318,256,2,223,1,0,194,4,6,128,3,0,1,197,0,1,159,230,247,239,6,237,2,265,222,202,255,0,1,2,5,5,281,224,0,185,219,140,3,11,243,0,0,231,180,4,1,4,5,194,143,224,213,1,6,184,190,0,1,2,247,221,6,197
investigación,510,783,7,120,3,581,12,706,379,0,452,4,623,5,2,424,3,681,745,1,375,316,0,10,7,275,4,2,271,336,6,217,1,4,0,210,307,401,2,252,0,1,256,3,0,150,0,0,5,300,0,1,314,264,271,179,0,348,4,223,303,331,221,1,3,5,0,3,244,184,2,422,170,213,0,5,65,0,2,223,280,0,3,4,3,224,235,257,169,11,4,300,216,2,2,1,177,217,5,222
artículo,527,627,2,199,7,515,7,541,419,452,0,4,313,3,1,235,6,574,278,2,302,362,3,6,13,511,10,6,336,421,1,94,0,3,4,167,288,541,3,224,0,1,198,3,6,78,11,0,4,354,1,4,211,161,255,255,2,269,1,192,248,267,143,2,2,3,0,14,259,138,4,236,164,248,0,16,210,0,1,158,176,1,2,0,2,259,218,226,123,5,2,155,154,0,2,0,140,233,0,195
based,415,6,659,395,438,5,739,3,4,4,4,0,1,557,330,1,300,2,2,494,6,2,238,311,386,3,211,280,5,1,407,123,416,326,378,71,0,3,303,0,374,326,3,212,211,153,217,345,344,6,200,383,2,0,2,0,201,1,271,0,1,1,0,221,262,194,184,180,2,1,263,5,2,0,245,226,41,258,183,1,0,305,217,152,241,0,4,0,0,242,189,0,0,284,207,239,0,0,158,1
estudio,472,556,6,134,2,469,11,730,351,623,313,1,0,3,3,348,6,551,680,2,318,338,4,2,7,225,12,8,278,279,1,185,0,0,2,205,227,337,1,248,0,3,250,1,1,127,4,0,6,310,1,2,257,187,259,201,2,301,4,199,221,244,259,3,2,1,1,3,196,165,3,340,180,224,0,5,68,0,0,214,312,1,1,0,3,221,282,241,208,4,2,268,208,2,0,1,174,186,4,248
study,524,14,693,372,447,8,539,8,4,5,3,557,3,0,347,2,377,2,7,369,10,2,272,233,257,5,201,231,4,1,477,197,237,215,487,88,4,0,234,1,363,274,1,208,187,148,229,374,288,2,227,281,2,1,1,1,138,2,161,1,1,1,3,303,181,205,323,204,0,3,256,0,6,2,204,165,36,175,174,0,3,260,150,158,157,2,11,2,0,326,170,2,2,299,228,281,3,0,161,4
health,532,0,599,579,422,1,413,2,1,2,1,330,3,347,0,0,258,0,0,341,0,0,219,52,225,0,184,252,1,1,169,17,247,143,243,57,0,0,446,0,177,167,1,323,227,63,182,247,142,3,502,134,0,0,3,0,90,0,265,0,0,0,0,363,134,55,369,58,1,0,167,0,2,3,170,104,79,296,131,1,2,124,80,262,236,0,3,0,6,41,160,3,0,225,95,88,0,0,538,3
trabajo,516,609,0,114,8,481,8,504,340,424,235,1,348,2,0,0,6,550,350,3,259,325,0,12,6,357,11,9,255,234,1,97,1,6,0,188,249,495,1,223,0,2,218,2,1,134,2,0,6,342,1,1,207,147,283,198,0,232,3,174,232,177,236,1,1,2,3,11,251,161,0,200,183,191,1,6,90,0,1,179,188,3,0,2,3,247,198,224,150,4,1,187,166,0,1,0,163,225,7,210
environmental,1232,15,448,348,450,11,208,8,6,3,6,300,6,377,258,6,0,3,6,321,49,9,496,321,247,10,280,296,4,3,239,170,202,222,307,109,3,5,210,1,158,214,5,233,162,150,490,143,320,2,221,173,5,11,0,4,248,3,144,2,8,10,10,88,200,458,164,225,3,2,174,3,3,8,161,189,76,132,196,0,4,161,236,211,117,2,18,1,5,39,174,8,3,77,133,140,7,5,216,4
objetivo,424,641,4,150,6,463,5,452,344,681,574,2,551,2,0,550,3,0,338,3,319,324,2,10,5,261,12,6,252,216,3,144,0,7,1,173,184,432,2,226,0,5,239,2,0,88,3,0,1,231,2,1,202,230,221,219,2,250,2,191,163,250,235,0,3,3,1,4,216,153,2,254,175,199,1,4,98,0,0,193,218,1,3,0,2,206,248,204,162,3,1,183,179,0,2,0,167,173,5,166
resultados,453,522,6,78,4,411,4,813,314,745,278,2,680,7,0,350,6,338,0,2,342,268,3,5,4,286,9,7,244,293,6,189,0,7,1,187,263,164,0,300,1,1,267,2,5,129,2,1,4,296,1,3,335,169,241,158,1,284,0,187,200,273,285,3,2,6,3,6,179,172,0,297,217,167,0,5,72,0,1,264,323,1,4,1,5,252,202,284,297,11,3,350,248,1,1,2,166,134,1,245
use,298,6,468,452,318,7,513,1,2,1,2,494,2,369,341,3,321,3,2,0,3,1,273,381,341,0,236,312,3,0,245,111,328,200,326,65,4,2,235,1,266,253,2,180,196,116,186,330,275,1,191,239,1,0,1,2,291,4,207,0,1,1,6,220,179,130,302,148,1,4,243,0,3,1,237,134,24,330,139,0,0,192,241,206,142,1,8,1,0,150,190,2,1,215,119,115,2,0,158,4
ambiental,587,660,7,191,10,324,8,414,438,375,302,6,318,10,0,259,49,319,342,3,0,232,7,9,7,339,10,4,297,232,4,138,1,7,3,134,224,201,2,225,0,2,215,2,1,122,7,0,2,187,0,0,370,328,161,136,3,205,0,245,233,526,211,1,1,9,0,3,215,256,0,224,184,144,1,21,240,1,2,172,206,4,3,4,1,196,120,137,159,0,7,194,163,0,2,0,254,145,8,139
transición,321,497,4,232,3,321,1,335,354,316,362,2,338,2,0,325,9,324,268,1,232,0,1,51,13,164,13,5,241,317,3,127,1,1,3,215,202,167,1,267,1,1,270,2,1,81,3,2,3,197,0,1,141,274,341,1303,1,189,2,658,239,88,216,3,1,1,1,3,253,189,0,216,210,158,3,2,148,0,0,156,179,2,3,2,2,121,135,158,170,1,3,108,199,2,5,2,122,187,0,137
sustainable,418,16,411,345,2369,4,141,6,5,0,3,238,4,272,219,0,496,2,3,273,7,1,0,395,224,5,146,192,4,3,200,254,105,283,163,89,7,1,174,4,140,156,5,201,198,93,285,99,253,3,214,145,5,9,1,3,257,2,207,0,1,6,6,74,149,423,49,321,4,3,74,2,1,1,166,114,24,106,196,0,1,171,227,127,130,2,3,1,2,85,177,1,3,68,119,133,3,7,120,1
energy,178,24,280,367,404,1,229,5,16,10,6,311,2,233,52,12,321,10,5,381,9,51,395,0,296,8,304,282,6,2,180,55,372,239,211,169,3,2,227,5,188,222,4,232,221,121,234,155,92,7,136,200,0,9,7,68,229,4,303,12,2,0,12,80,137,117,29,149,5,4,69,6,18,7,232,161,75,178,220,5,6,133,326,72,263,4,0,1,6,39,211,2,0,95,158,70,1,3,86,6
new,400,15,523,321,489,16,563,2,9,7,13,386,7,257,225,6,247,5,4,341,7,13,224,296,0,21,203,218,6,4,239,101,233,319,215,54,10,1,277,7,246,196,3,223,216,125,231,207,203,1,171,276,2,6,2,9,132,6,219,0,3,10,2,173,162,119,93,186,2,3,182,6,4,3,199,197,66,254,237,4,2,200,160,187,182,1,7,2,9,147,155,1,3,215,182,116,4,4,143,4
política,518,617,4,137,15,362,6,479,278,275,511,3,225,5,0,357,10,261,286,0,339,164,5,8,21,0,14,9,201,425,5,23,1,14,1,156,260,210,2,189,0,3,175,6,3,121,3,2,6,269,2,2,212,107,223,198,2,215,0,165,204,189,111,5,2,4,0,7,234,149,5,191,148,353,4,19,161,0,1,117,148,4,4,4,4,179,203,177,121,3,4,101,139,2,2,2,149,228,4,179
climate,223,7,281,698,217,1,163,6,70,4,10,211,12,201,184,11,280,12,9,236,10,13,146,304,203,14,0,2238,59,11,199,14,136,159,154,61,11,6,182,7,112,122,1,243,286,136,166,123,119,7,139,201,5,6,4,15,236,3,100,4,1,4,3,90,104,58,175,64,7,5,119,8,11,0,135,184,91,130,161,7,2,104,130,212,165,6,0,8,7,27,174,2,2,45,129,93,2,1,139,6
change,366,3,371,583,251,3,201,11,65,2,6,280,8,231,252,9,296,6,7,312,4,5,192,282,218,9,2238,0,45,10,170,31,149,195,191,72,9,4,187,5,133,167,2,272,221,87,155,129,138,10,141,124,5,5,5,3,199,3,153,2,2,1,5,130,124,137,176,79,4,4,145,4,9,0,154,165,57,148,175,7,6,136,145,220,173,6,2,7,11,83,134,2,1,83,121,97,1,2,151,4
climático,211,343,4,303,7,110,5,314,2589,271,336,5,278,4,1,255,4,252,244,3,297,241,4,6,6,201,59,45,0,268,2,20,2,5,2,85,241,171,1,110,1,1,122,4,8,105,0,0,0,151,0,2,124,153,138,211,3,207,2,124,122,149,154,0,0,2,5,2,223,137,1,127,118,79,3,9,175,0,0,160,117,4,0,5,2,137,102,161,152,1,3,139,136,0,2,0,194,167,1,139
políticas,368,716,0,114,4,308,6,451,366,336,421,1,279,1,1,234,3,216,293,0,232,317,3,2,4,425,11,10,268,0,5,77,1,1,2,217,309,150,0,212,0,3,170,15,1,115,3,0,1,201,0,1,223,222,148,205,1,171,2,208,223,165,160,1,3,2,0,3,177,162,2,214,159,255,1,7,111,0,0,168,137,1,0,3,3,143,157,149,131,1,1,121,166,0,1,1,104,207,3,113
analysis,371,5,538,259,359,14,757,12,3,6,1,407,1,477,169,1,239,3,6,245,4,3,200,180,239,5,199,170,2,5,0,89,190,245,487,71,3,2,180,1,393,287,0,207,129,110,192,295,176,8,197,197,2,3,1,2,76,4,137,1,4,2,3,166,225,193,110,148,2,1,229,0,2,1,153,180,31,150,122,1,5,229,153,108,145,2,6,2,3,180,96,1,3,203,216,222,1,1,148,2
circular,177,239,202,73,170,1256,72,159,64,217,94,123,185,197,17,97,170,144,189,111,138,127,254,55,101,23,14,31,20,77,89,0,37,148,84,155,48,81,49,260,59,70,147,51,73,26,113,44,109,84,34,193,161,192,76,17,37,99,71,156,68,39,143,18,84,132,2,1154,70,176,38,114,55,41,73,50,27,36,72,97,107,76,90,14,39,52,29,53,60,10,60,63,105,18,47,139,78,83,27,54
high,149,3,202,372,244,2,381,1,2,1,0,416,0,237,247,1,202,0,0,328,1,1,105,372,233,1,136,149,2,1,190,37,0,107,270,45,0,1,240,1,335,154,1,89,142,64,124,229,130,2,459,177,0,1,0,1,236,0,162,0,0,0,1,267,106,48,516,50,2,1,128,0,0,0,216,63,13,207,95,0,0,101,150,110,130,1,0,0,2,80,177,2,0,145,191,55,1,0,81,1
paper,372,10,667,192,392,10,309,2,8,4,3,326,0,215,143,6,222,7,7,200,7,1,283,239,319,14,159,195,5,1,245,148,107,0,130,76,4,3,212,1,161,279,6,255,229,63,157,166,168,4,90,216,2,2,1,2,89,6,222,1,2,3,2,91,238,205,53,205,3,1,183,1,9,1,195,45,62,141,231,1,1,249,91,105,151,1,0,3,5,168,149,0,2,129,140,292,2,1,105,6
results,343,0,394,215,301,1,485,1,2,0,4,378,2,487,243,0,307,1,1,326,3,3,163,211,215,1,154,191,2,2,487,84,270,130,0,51,1,1,223,0,370,250,0,102,148,104,138,320,199,0,204,242,0,0,0,2,98,0,108,0,1,2,1,250,122,136,132,106,1,1,191,0,0,0,146,76,17,132,80,1,0,129,137,81,118,0,5,0,0,199,115,1,0,211,211,125,2,1,123,1
sector,381,329,109,206,131,421,73,259,149,210,167,71,205,88,57,188,109,173,187,65,134,215,89,169,54,156,61,72,85,217,71,155,45,76,51,0,97,126,42,122,34,37,163,67,32,89,82,31,56,97,54,57,135,127,121,148,50,129,25,159,84,36,122,24,33,56,21,106,115,108,24,103,99,133,39,62,69,36,62,144,105,31,73,22,33,82,94,122,92,22,28,114,121,11,25,31,80,91,84,65
sociales,579,452,8,109,10,285,7,344,318,307,288,0,227,4,0,249,3,184,263,4,224,202,7,3,10,260,11,9,241,309,3,48,0,4,1,97,0,153,2,185,0,1,164,0,2,75,4,1,8,159,0,1,128,146,158,90,3,185,2,164,232,163,136,0,3,2,0,4,149,144,5,150,143,126,1,8,129,0,2,109,102,0,1,2,0,141,132,119,132,2,2,143,137,3,0,0,103,119,2,127
presente,265,390,0,101,5,331,0,244,256,401,541,3,337,0,0,495,5,432,164,2,201,167,1,2,1,210,6,4,171,150,2,81,1,3,1,126,153,0,1,140,0,2,115,0,1,55,1,0,1,180,1,2,119,116,154,103,3,137,0,98,151,163,119,2,1,3,1,1,162,81,1,119,106,138,0,6,99,0,2,109,128,1,1,1,0,132,121,84,78,3,2,95,76,0,0,0,99,120,4,122
well,322,4,409,194,334,5,332,0,2,2,3,303,1,234,446,1,210,2,0,235,2,1,174,227,277,2,182,187,1,0,180,49,240,212,223,42,2,1,0,1,166,235,1,148,182,93,155,183,157,1,145,147,1,2,0,2,144,1,166,0,0,0,0,122,183,107,109,88,3,0,145,1,2,2,174,132,30,209,159,0,0,129,119,174,115,1,6,2,0,89,152,1,0,137,124,128,1,0,140,2
modelo,364,560,2,95,3,451,2,322,223,252,224,0,248,1,0,223,1,226,300,1,225,267,4,5,7,189,7,5,110,212,1,260,1,1,0,122,185,140,1,0,0,1,206,1,1,59,1,2,8,180,0,12,200,195,178,107,1,179,1,217,130,140,144,0,1,3,0,5,106,184,3,150,211,132,0,5,103,0,1,104,154,1,1,0,4,121,92,102,113,10,7,101,135,0,0,2,111,128,0,114
using,212,0,325,222,195,2,706,1,1,0,0,374,0,363,177,0,158,0,1,266,0,1,140,188,246,0,112,133,1,0,393,59,335,161,370,34,0,0,166,0,0,207,0,89,112,66,108,282,122,0,153,309,0,1,0,0,93,0,152,0,0,0,1,225,149,81,190,76,0,0,181,0,1,0,123,67,13,163,79,1,0,249,99,117,133,0,0,0,0,150,87,1,0,220,189,131,0,1,93,0
different,355,3,419,191,266,5,297,2,0,1,1,326,3,274,167,2,214,5,1,253,2,1,156,222,196,3,122,167,1,3,287,70,154,279,250,37,1,2,235,1,207,0,0,190,144,92,169,236,157,5,167,169,0,1,2,1,137,2,178,0,0,3,0,94,165,148,72,123,0,1,171,1,1,1,151,166,24,132,148,1,0,152,124,139,146,0,3,0,1,140,115,2,0,173,183,127,0,1,121,2
producción,248,333,4,105,5,451,4,333,194,256,198,3,250,1,1,218,5,239,267,2,215,270,5,4,3,175,1,2,122,170,0,147,1,6,0,163,164,115,1,206,0,0,0,0,0,88,1,0,2,186,0,1,133,137,211,140,1,184,5,140,203,47,250,4,0,3,0,0,107,192,3,129,232,120,0,3,78,0,0,142,200,0,12,1,3,136,118,135,203,4,3,146,105,0,0,0,119,86,5,103
policy,300,5,413,257,294,3,145,2,4,3,3,212,1,208,323,2,233,2,2,180,2,2,201,232,223,6,243,272,4,15,207,51,89,255,102,67,0,0,148,1,89,190,0,0,133,121,206,108,141,6,172,68,0,0,2,2,155,0,122,0,4,2,0,88,101,146,69,101,0,0,160,1,2,5,117,223,84,86,152,1,3,145,93,65,100,1,1,1,2,65,99,0,1,65,105,132,2,3,338,4
future,245,3,752,303,318,4,198,6,6,0,6,211,1,187,227,1,162,0,5,196,1,1,198,221,216,3,286,221,8,1,129,73,142,229,148,32,2,1,182,1,112,144,0,133,0,46,138,116,146,0,133,134,3,1,1,0,185,5,165,5,0,3,1,99,198,113,88,91,2,1,146,0,0,0,198,90,32,119,240,0,3,95,131,124,117,3,1,1,1,116,221,1,2,106,89,138,1,2,65,1
local,355,417,142,249,282,175,94,137,128,150,78,153,127,148,63,134,150,88,129,116,122,81,93,121,125,121,136,87,105,115,110,26,64,63,104,89,75,55,93,59,66,92,88,121,46,0,178,83,125,84,71,74,101,50,74,47,88,79,91,68,62,37,51,33,29,69,58,67,75,99,64,81,66,68,63,78,77,49,51,125,70,83,49,51,59,46,61,53,62,27,46,57,48,34,64,36,40,45,83,64
economic,685,10,237,316,536,22,141,1,3,0,11,217,4,229,182,2,490,3,2,186,7,3,285,234,231,3,166,155,0,3,192,113,124,157,138,82,4,1,155,1,108,169,1,206,138,178,0,88,163,2,292,146,1,3,0,2,119,1,131,0,1,4,1,75,82,249,65,296,2,2,86,3,1,5,112,121,91,79,137,3,1,134,161,113,109,1,2,2,1,33,129,0,0,45,85,106,5,0,92,1
used,228,1,334,198,204,3,623,1,0,0,0,345,0,374,247,0,143,0,1,330,0,2,99,155,207,2,123,129,0,0,295,44,229,166,320,31,1,0,183,2,282,236,0,108,116,83,88,0,135,0,142,221,0,0,1,0,99,1,137,2,0,1,1,207,167,73,208,66,0,0,172,1,1,1,101,106,22,165,70,1,1,174,129,106,130,1,9,0,2,128,93,2,0,267,153,143,0,0,71,1
management,281,9,424,166,256,8,210,2,1,5,4,344,6,288,142,6,320,1,4,275,2,3,253,92,203,6,119,138,0,1,176,109,130,168,199,56,8,1,157,8,122,157,2,141,146,125,163,135,0,1,83,102,7,0,2,2,354,6,136,4,4,0,4,72,177,149,206,119,0,1,132,0,2,1,103,128,38,187,121,1,3,149,145,131,155,3,3,3,4,74,125,1,3,83,87,166,1,3,116,3
partir,331,395,1,107,5,239,3,515,197,300,354,6,310,2,3,342,2,231,296,1,187,197,3,7,1,269,7,10,151,201,8,84,2,4,0,97,159,180,1,180,0,5,186,6,0,84,2,0,1,0,0,0,147,100,173,146,1,127,4,108,204,121,159,1,0,3,1,1,142,127,4,172,109,164,0,10,83,0,1,107,123,0,5,0,2,147,132,144,91,6,2,154,96,0,0,0,73,145,4,164
countries,188,2,206,576,412,0,366,1,0,0,1,200,1,227,502,1,221,2,1,191,0,0,214,136,171,2,139,141,0,0,197,34,459,90,204,54,0,1,145,0,153,167,0,172,133,71,292,142,83,0,0,93,0,0,0,3,54,1,99,0,0,0,0,430,55,62,223,88,1,2,108,1,0,0,101,74,19,115,76,0,0,75,88,72,72,0,1,0,0,31,87,0,0,125,115,51,0,0,102,0
model,213,3,259,244,254,3,455,3,1,1,4,383,2,281,134,1,173,1,3,239,0,1,145,200,276,2,201,124,2,1,197,193,177,216,242,57,1,2,147,12,309,169,1,68,134,74,146,221,102,0,93,0,1,0,0,2,48,5,138,1,1,3,0,142,68,105,88,200,0,2,109,0,12,0,97,80,25,119,80,1,5,145,90,118,189,2,0,1,0,184,98,3,2,114,153,109,2,1,74,3
gestión,328,414,5,72,9,281,5,366,159,314,211,2,257,2,0,207,5,202,335,1,370,141,5,0,2,212,5,5,124,223,2,161,0,2,0,135,128,119,1,200,0,0,133,0,3,101,1,0,7,147,0,1,0,210,156,81,2,197,1,119,169,116,150,0,2,0,0,4,112,199,0,161,134,101,0,4,48,0,0,141,119,1,1,1,0,118,86,93,92,3,0,160,166,1,0,0,80,120,1,88
sostenible,320,1332,4,95,5,365,0,211,230,264,161,0,187,1,0,147,11,230,169,0,328,274,9,9,6,107,6,5,153,222,3,192,1,2,0,127,146,116,2,195,1,1,137,0,1,50,3,0,0,100,0,0,210,0,87,214,3,127,0,223,85,194,141,1,1,6,0,1,119,176,4,161,119,68,1,7,55,0,3,121,107,1,1,1,0,92,41,76,77,0,1,83,121,0,1,1,138,114,3,72
proceso,274,384,2,98,1,228,2,279,247,271,255,2,259,1,3,283,0,221,241,1,161,341,1,7,2,223,4,5,138,148,1,76,0,1,0,121,158,154,0,178,0,2,211,2,1,74,0,1,2,173,0,0,156,87,0,161,0,159,1,136,204,134,125,1,0,1,2,1,153,120,2,126,149,171,0,5,78,0,0,122,155,0,2,0,0,104,98,115,83,1,0,99,104,0,2,0,105,138,1,144
energética,140,319,3,177,8,87,3,218,239,179,255,0,201,1,0,198,4,219,158,2,136,1303,3,68,9,198,15,3,211,205,2,17,1,2,2,148,90,103,2,107,0,1,140,2,0,47,2,0,2,146,3,2,81,214,161,0,0,98,3,223,93,19,142,3,2,1,1,4,167,140,0,96,115,94,1,6,111,0,2,107,95,2,0,3,5,72,76,98,123,0,3,45,109,1,3,1,83,135,1,94
water,82,4,128,338,272,4,124,1,6,0,2,201,2,138,90,0,248,2,1,291,3,1,257,229,132,2,236,199,3,1,76,37,236,89,98,50,3,3,144,1,93,137,1,155,185,88,119,99,354,1,54,48,2,3,0,0,0,1,116,1,1,0,4,75,120,48,53,60,0,0,59,0,2,0,98,90,38,105,148,1,0,95,158,173,125,0,10,0,0,25,124,2,1,33,104,29,2,4,62,1
través,311,421,1,94,4,280,2,485,237,348,269,1,301,2,0,232,3,250,284,4,205,189,2,4,6,215,3,3,207,171,4,99,0,6,0,129,185,137,1,179,0,2,184,0,5,79,1,1,6,127,1,5,197,127,159,98,1,0,0,116,150,142,158,0,0,0,0,5,95,104,0,134,143,153,2,3,62,0,0,113,147,1,4,0,3,150,149,113,98,9,1,172,145,0,1,0,105,119,1,128
systems,303,0,353,162,196,3,219,3,2,4,1,271,4,161,265,3,144,2,0,207,0,2,207,303,219,0,100,153,2,2,137,71,162,222,108,25,2,0,166,1,152,178,5,122,165,91,131,137,136,4,99,138,1,0,1,3,116,0,0,1,0,0,1,67,166,180,35,79,0,0,97,2,4,2,140,104,20,160,163,0,0,126,162,157,297,1,7,3,0,106,103,0,0,110,104,90,0,1,65,0
hacia,262,399,1,148,2,328,4,182,265,223,192,0,199,1,0,174,2,191,187,0,245,658,0,12,0,165,4,2,124,208,1,156,0,1,0,159,164,98,0,217,0,0,140,0,5,68,0,2,4,108,0,1,119,223,136,223,1,116,1,0,131,103,133,2,5,0,4,2,142,161,0,145,133,82,0,6,86,0,1,96,104,0,1,1,2,90,98,88,104,0,1,70,123,0,0,0,154,96,0,77
procesos,334,446,0,94,2,205,4,258,222,303,248,1,221,1,0,232,8,163,200,1,233,239,1,2,3,204,1,2,122,223,4,68,0,2,1,84,232,151,0,130,0,0,203,4,0,62,1,0,4,204,0,1,169,85,204,93,1,150,0,131,0,132,163,0,0,1,0,2,141,160,1,126,137,111,2,10,55,0,0,107,118,1,1,1,1,78,82,97,95,3,3,94,111,0,2,0,79,135,2,112
educación,309,468,4,84,5,130,2,287,202,331,267,1,244,1,0,177,10,250,273,1,526,88,6,0,10,189,4,1,149,165,2,39,0,3,2,36,163,163,0,140,0,3,47,2,3,37,4,1,0,121,0,3,116,194,134,19,0,142,0,103,132,0,79,0,4,4,0,4,150,63,2,134,118,111,0,10,49,0,2,121,95,3,0,1,0,145,82,117,62,9,4,139,120,0,1,2,110,103,0,69
uso,196,309,3,88,6,254,18,307,255,221,143,0,259,3,0,236,10,235,285,6,211,216,6,12,2,111,3,5,154,160,3,143,1,2,1,122,136,119,0,144,1,0,250,0,1,51,1,1,4,159,0,0,150,141,125,142,4,158,1,133,163,79,0,2,1,0,2,7,82,302,0,102,144,115,2,7,48,0,0,115,160,1,1,0,0,103,106,119,147,5,1,174,117,1,1,0,126,80,2,91
years,110,3,221,396,183,4,345,0,0,1,2,221,3,303,363,1,88,0,3,220,1,3,74,80,173,5,90,130,0,1,166,18,267,91,250,24,0,2,122,0,225,94,4,88,99,33,75,207,72,1,430,142,0,1,1,3,75,0,67,2,0,0,2,0,87,39,388,47,0,0,105,2,2,4,80,63,13,144,49,2,0,60,57,77,82,1,3,1,0,41,90,1,1,186,156,55,0,0,59,3
review,255,2,731,110,297,4,194,3,1,3,2,262,2,181,134,1,200,3,2,179,1,1,149,137,162,2,104,124,0,3,225,84,106,238,122,33,3,1,183,1,149,165,0,101,198,29,82,167,177,0,55,68,2,1,0,2,120,0,166,5,0,4,1,87,0,106,37,96,0,2,258,0,3,3,131,162,15,184,167,0,0,112,92,82,96,1,6,0,1,112,180,1,1,197,86,548,2,0,66,0
sustainability,473,10,395,189,360,4,78,6,2,5,3,194,1,205,55,2,458,3,6,130,9,1,423,117,119,4,58,137,2,2,193,132,48,205,136,56,2,3,107,3,81,148,3,146,113,69,249,73,149,3,62,105,0,6,1,1,48,0,180,0,1,4,0,39,106,0,55,152,1,0,86,2,2,4,89,115,27,61,147,0,3,121,140,66,117,3,5,3,4,71,86,0,3,33,70,164,1,1,76,4
risk,130,1,133,319,143,0,193,0,5,0,0,184,1,323,369,3,164,1,3,302,0,1,49,29,93,0,175,176,5,0,110,2,516,53,132,21,0,1,109,0,190,72,0,69,88,58,65,208,206,1,223,88,0,0,2,1,53,0,35,4,0,0,2,388,37,55,0,6,0,1,169,0,1,0,85,26,25,176,34,0,0,83,25,60,49,2,0,0,1,26,69,0,0,146,75,48,0,0,79,0
economy,236,10,229,166,295,41,98,7,5,3,14,180,3,204,58,11,225,4,6,148,3,3,321,149,186,7,64,79,2,3,148,1154,50,205,106,106,4,1,88,5,76,123,0,101,91,67,296,66,119,1,88,200,4,1,1,4,60,5,79,2,2,4,7,47,96,152,6,0,4,5,73,1,1,2,99,129,37,63,83,3,2,99,138,53,88,6,0,3,5,18,111,4,5,41,57,147,0,1,70,5
contexto,281,389,0,171,3,218,3,236,281,244,259,2,196,0,1,251,3,216,179,1,215,253,4,5,2,234,7,4,223,177,2,70,2,3,1,115,149,162,3,106,0,0,107,0,2,75,2,0,0,142,1,0,112,119,153,167,0,95,0,142,141,150,82,0,0,1,0,4,0,98,1,124,107,128,1,7,131,0,2,95,100,1,2,1,0,90,83,110,80,4,1,85,86,0,1,0,74,130,2,110
recursos,205,450,3,104,5,355,1,172,224,184,138,1,165,3,0,161,2,153,172,4,256,189,3,4,3,149,5,4,137,162,1,176,1,1,1,108,144,81,0,184,0,1,192,0,1,99,2,0,1,127,2,2,199,176,120,140,0,104,0,161,160,63,302,0,2,0,1,5,98,0,0,88,117,141,0,1,57,0,1,107,107,2,1,0,0,102,113,89,122,1,1,93,100,0,1,0,153,87,0,66
studies,262,4,487,173,210,5,288,4,0,2,4,263,3,256,167,0,174,2,0,243,0,0,74,69,182,5,119,145,1,2,229,38,128,183,191,24,5,1,145,3,181,171,3,160,146,64,86,172,132,4,108,109,0,4,2,0,59,0,97,0,1,2,0,105,258,86,169,73,1,0,0,0,2,1,104,105,15,154,86,0,0,93,60,111,63,0,5,4,1,136,98,0,0,143,139,192,4,0,84,4
enfoque,311,387,0,70,3,264,1,355,185,422,236,5,340,0,0,200,3,254,297,0,224,216,2,6,6,191,8,4,127,214,0,114,0,1,0,103,150,119,1,150,0,1,129,1,0,81,3,1,0,172,1,0,161,161,126,96,0,134,2,145,126,134,102,2,0,2,0,1,124,88,0,0,68,94,0,3,59,0,0,94,163,0,2,1,0,128,94,113,62,2,1,130,108,0,2,0,79,103,1,96
sistema,254,326,2,98,10,222,6,223,219,170,164,2,180,6,2,183,3,175,217,3,184,210,1,18,4,148,11,9,118,159,2,55,0,9,0,99,143,106,2,211,1,1,232,2,0,66,1,1,2,109,0,12,134,119,149,115,2,143,4,133,137,118,144,2,3,2,1,1,107,117,2,68,0,106,1,6,102,0,2,100,138,0,3,1,8,76,69,101,123,1,4,128,67,0,0,0,87,99,3,125
estado,282,316,2,61,4,222,5,243,140,213,248,0,224,2,3,191,8,199,167,1,144,158,1,7,3,353,0,0,79,255,1,41,0,1,0,133,126,138,2,132,0,1,120,5,0,68,5,1,1,164,0,0,101,68,171,94,0,153,2,82,111,111,115,4,3,4,0,2,128,141,1,94,106,0,2,6,84,0,0,106,91,3,4,0,1,103,231,101,84,0,3,86,57,0,0,0,98,102,3,154
potential,181,2,352,167,234,3,185,3,3,0,0,245,0,204,170,1,161,1,0,237,1,3,166,232,199,4,135,154,3,1,153,73,216,195,146,39,1,0,174,0,123,151,0,117,198,63,112,101,103,0,101,97,0,1,0,1,98,2,140,0,2,0,2,80,131,89,85,99,1,0,104,0,1,2,0,90,15,128,169,1,1,96,113,111,85,0,1,0,0,129,146,0,0,117,66,80,0,1,61,0
article,408,19,373,149,275,14,117,6,11,5,16,226,5,165,104,6,189,4,5,134,21,2,114,161,197,19,184,165,9,7,180,50,63,45,76,62,8,6,132,5,67,166,3,223,90,78,121,106,128,10,74,80,4,7,5,6,90,3,104,6,10,10,7,63,162,115,26,129,7,1,105,3,6,6,90,0,62,63,122,3,3,125,63,106,88,1,6,1,5,89,114,4,2,72,89,116,4,4,110,5
crisis,323,181,51,277,53,230,21,136,243,65,210,41,68,36,79,90,76,98,72,24,240,148,24,75,66,161,91,57,175,111,31,27,13,62,17,69,129,99,30,103,13,24,78,84,32,77,91,22,38,83,19,25,48,55,78,111,38,62,20,86,55,49,48,13,15,27,25,37,131,57,15,59,102,84,15,62,0,11,36,59,35,28,16,22,34,68,53,63,59,25,48,31,61,5,23,21,59,63,46,55
including,187,0,275,189,242,0,347,0,0,0,0,258,0,175,296,0,132,0,0,330,1,0,106,178,254,0,130,148,0,0,150,36,207,141,132,36,0,0,209,0,163,132,0,86,119,49,79,165,187,0,115,119,0,0,0,0,105,0,160,0,0,0,0,144,184,61,176,63,0,0,154,0,0,0,128,63,11,0,112,0,1,98,90,109,102,0,1,0,0,101,85,0,0,151,103,102,0,0,78,0
challenges,235,5,437,164,287,1,216,2,0,2,1,183,0,174,131,1,196,0,1,139,2,0,196,220,237,1,161,175,0,0,122,72,95,231,80,62,2,2,159,1,79,148,0,152,240,51,137,70,121,1,76,80,0,3,0,2,148,0,163,1,0,2,0,49,167,147,34,83,2,1,86,0,2,0,169,122,36,112,0,0,2,82,76,115,95,1,2,1,1,107,146,1,1,78,79,91,0,1,71,2
nivel,213,350,0,185,1,249,9,249,231,223,158,1,214,0,1,179,0,193,264,0,172,156,0,5,4,117,7,7,160,168,1,97,0,1,1,144,109,109,0,104,1,1,142,1,0,125,3,1,1,107,0,1,141,121,122,107,1,113,0,96,107,121,115,2,0,0,0,3,95,107,0,94,100,106,1,3,59,0,0,0,88,0,0,0,1,119,81,96,154,7,0,113,109,0,0,0,137,83,2,74
mediante,257,290,0,61,2,245,1,472,180,280,176,0,312,3,2,188,4,218,323,0,206,179,1,6,2,148,2,6,117,137,5,107,0,1,0,105,102,128,0,154,0,0,200,3,3,70,1,1,3,123,0,5,119,107,155,95,0,147,0,104,118,95,160,0,0,3,0,2,100,107,0,163,138,91,1,3,35,1,2,88,0,0,2,0,1,105,88,110,99,1,1,190,111,0,0,0,93,76,1,111
approach,258,7,339,119,311,3,229,1,4,0,1,305,1,260,124,3,161,1,1,192,4,2,171,133,200,4,104,136,4,1,229,76,101,249,129,31,0,1,129,1,249,152,0,145,95,83,134,174,149,0,75,145,1,1,0,2,95,1,126,0,1,3,1,60,112,121,83,99,1,2,93,0,0,3,96,125,28,98,82,0,0,0,70,98,93,1,3,1,1,125,100,1,0,95,134,113,2,0,78,5
production,145,1,240,277,218,0,142,1,1,3,2,217,1,150,80,0,236,3,4,241,3,3,227,326,160,4,130,145,0,0,153,90,150,91,137,73,1,1,119,1,99,124,12,93,131,49,161,129,145,5,88,90,1,1,2,0,158,4,162,1,1,0,1,57,92,140,25,138,2,1,60,2,3,4,113,63,16,90,76,0,2,70,0,52,108,1,1,0,1,22,126,0,2,47,94,42,2,0,71,4
human,252,8,280,218,264,2,192,0,4,4,0,152,0,158,262,2,211,0,1,206,4,2,127,72,187,4,212,220,5,3,108,14,110,105,81,22,2,1,174,0,117,139,1,65,124,51,113,106,131,0,72,118,1,1,0,3,173,0,157,1,1,1,0,77,82,66,60,53,1,0,111,1,1,0,111,106,22,109,115,0,0,98,52,0,109,0,3,3,4,86,91,1,0,54,66,48,0,0,74,0
system,172,2,198,203,160,1,243,2,5,3,2,241,3,157,236,3,117,2,5,142,1,2,130,263,182,4,165,173,2,3,145,39,130,151,118,33,0,0,115,4,133,146,3,100,117,59,109,130,155,2,72,189,0,0,0,5,125,3,297,2,1,0,0,82,96,117,49,88,0,0,63,0,8,1,85,88,34,102,95,1,1,93,108,109,0,0,3,2,2,65,104,3,0,91,115,66,1,1,84,3
relación,287,311,3,63,2,228,2,309,194,224,259,0,221,2,0,247,2,206,252,1,196,121,2,4,1,179,6,6,137,143,2,52,1,1,0,82,141,132,1,121,0,0,136,1,3,46,1,1,3,147,0,2,118,92,104,72,0,150,1,90,78,145,103,1,1,3,2,6,90,102,0,128,76,103,0,1,68,0,1,119,105,1,1,0,0,0,74,108,117,1,0,105,67,1,1,0,121,86,0,114
méxico,196,291,8,48,7,143,2,241,143,235,218,4,282,11,3,198,18,248,202,8,120,135,3,0,7,203,0,2,102,157,6,29,0,0,5,94,132,121,6,92,0,3,118,1,1,61,2,9,3,132,1,0,86,41,98,76,10,149,7,98,82,82,106,3,6,5,0,0,83,113,5,94,69,231,1,6,53,1,2,81,88,3,1,3,3,74,0,101,101,1,1,93,66,4,3,0,93,86,2,127
principales,187,287,3,80,1,259,4,359,224,257,226,0,241,2,0,224,1,204,284,1,137,158,1,1,2,177,8,7,161,149,2,53,0,3,0,122,119,84,2,102,0,0,135,1,1,53,2,0,3,144,0,1,93,76,115,98,0,113,3,88,97,117,119,1,0,3,0,3,110,89,4,113,101,101,0,1,63,0,1,96,110,1,0,3,2,108,101,0,112,6,2,110,122,0,0,0,73,90,1,109
mayor,192,254,7,100,2,235,1,226,213,169,123,0,208,0,6,150,5,162,297,0,159,170,2,6,9,121,7,11,152,131,3,60,2,5,0,92,132,78,0,113,0,1,203,2,1,62,1,2,4,91,0,0,92,77,83,123,0,98,0,104,95,62,147,0,1,4,1,5,80,122,1,62,123,84,0,5,59,0,1,154,99,1,1,4,2,117,101,112,0,6,1,120,75,0,1,0,117,51,7,104
learning,246,4,394,52,188,4,316,3,1,11,5,242,4,326,41,4,39,3,11,150,0,1,85,39,147,3,27,83,1,1,180,10,80,168,199,22,2,3,89,10,150,140,4,65,116,27,33,128,74,6,31,184,3,0,1,0,25,9,106,0,3,9,5,41,112,71,26,18,4,1,136,2,1,0,129,89,25,101,107,7,1,125,22,86,65,1,1,6,6,0,76,4,1,136,94,79,2,1,35,3
current,174,6,308,201,247,3,138,5,6,4,2,189,2,170,160,1,174,1,3,190,7,3,177,211,155,4,174,134,3,1,96,60,177,149,115,28,2,2,152,7,87,115,3,99,221,46,129,93,125,2,87,98,0,1,0,3,124,1,103,1,3,4,1,90,180,86,69,111,1,1,98,1,4,3,146,114,48,85,146,0,1,100,126,91,104,0,1,2,1,76,0,2,0,82,71,102,0,1,78,1
información,202,244,1,45,3,199,9,416,184,300,155,0,268,2,3,187,8,183,350,2,194,108,1,2,1,101,2,2,139,121,1,63,2,0,1,114,143,95,1,101,1,2,146,0,1,57,0,2,1,154,0,3,160,83,99,45,2,172,0,70,94,139,174,1,1,0,0,4,85,93,0,130,128,86,0,4,31,0,1,113,190,1,0,1,3,105,93,110,120,4,2,0,89,0,0,0,91,72,5,88
estrategias,186,335,0,59,5,231,5,247,190,216,154,0,208,2,0,166,3,179,248,1,163,199,3,0,3,139,2,1,136,166,3,105,0,2,0,121,137,76,0,135,0,0,105,1,2,48,0,0,3,96,0,2,166,121,104,109,1,145,0,123,111,120,117,1,1,3,0,5,86,100,0,108,67,57,0,2,61,0,1,109,111,0,2,0,0,67,66,122,75,1,0,89,0,0,0,0,68,77,0,90
methods,114,1,362,210,174,0,462,4,0,2,0,284,2,299,225,0,77,0,1,215,0,2,68,95,215,2,45,83,0,0,203,18,145,129,211,11,3,0,137,0,220,173,0,65,106,34,45,267,83,0,125,114,1,0,0,1,33,0,110,0,0,0,1,186,197,33,146,41,0,0,143,0,0,0,117,72,5,151,78,0,0,95,47,54,91,1,4,0,0,136,82,0,0,0,91,97,0,0,40,0
two,211,3,289,172,202,0,230,0,1,2,2,207,0,228,95,1,133,2,1,119,2,5,119,158,182,2,129,121,2,1,216,47,191,140,211,25,0,0,124,0,189,183,0,105,89,64,85,153,87,0,115,153,0,1,2,3,104,1,104,0,2,1,1,156,86,70,75,57,1,1,139,2,0,0,66,89,23,103,79,0,0,134,94,66,115,1,3,0,1,94,71,0,0,91,0,78,0,0,72,2
literature,258,1,638,78,164,2,197,0,2,1,0,239,1,281,88,0,140,0,2,115,0,2,133,70,116,2,93,97,0,1,222,139,55,292,125,31,0,0,128,2,131,127,0,132,138,36,106,143,166,0,51,109,0,1,0,1,29,0,90,0,0,2,0,55,548,164,48,147,0,0,192,0,0,0,80,116,21,102,91,0,0,113,42,48,66,0,0,0,0,79,102,0,0,97,78,0,0,0,57,1
medio,226,363,3,76,5,239,2,188,247,177,140,0,174,3,0,163,7,167,166,2,254,122,3,1,4,149,2,1,194,104,1,78,1,2,2,80,103,99,1,111,0,0,119,2,1,40,5,0,1,73,0,2,80,138,105,83,2,105,0,154,79,110,126,0,2,1,0,0,74,153,4,79,87,98,0,4,59,0,0,137,93,2,2,0,1,121,93,73,117,2,0,91,68,0,0,0,0,47,3,82
marco,267,360,2,91,5,211,0,278,221,217,233,0,186,0,0,225,5,173,134,0,145,187,7,3,4,228,1,2,167,207,1,83,0,1,1,91,119,120,0,128,1,1,86,3,2,45,0,0,3,145,0,1,120,114,138,135,4,119,1,96,135,103,80,0,0,1,0,1,130,87,0,103,99,102,1,4,63,0,1,83,76,0,0,0,1,86,86,90,51,1,1,72,77,0,0,0,47,0,2,76
public,362,9,266,130,175,4,179,6,6,5,0,158,4,161,538,7,216,5,1,158,8,0,120,86,143,4,139,151,1,3,148,27,81,105,123,84,2,4,140,0,93,121,5,338,65,83,92,71,116,4,102,74,1,3,1,1,62,1,65,0,2,0,2,59,66,76,79,70,2,0,84,1,3,3,61,110,46,78,71,2,1,78,71,74,84,0,2,1,7,35,78,5,0,40,72,57,3,2,0,4
dos,203,244,2,69,5,163,4,318,197,222,195,1,248,4,3,210,4,166,245,4,139,137,1,6,4,179,6,4,139,113,2,54,1,6,1,65,127,122,2,114,0,2,103,4,1,64,1,1,3,164,0,3,88,72,144,94,1,128,0,77,112,69,91,3,0,4,0,5,110,66,4,96,125,154,0,5,55,0,2,74,111,5,4,0,3,114,127,109,104,3,1,88,90,0,2,1,82,76,4,0
